{
  "best_epoch": 6,
  "peak_cpu_memory_MB": 0,
  "training_duration": "00:12:33",
  "training_start_epoch": 0,
  "training_epochs": 7,
  "epoch": 7,
  "training_accuracy": 0.8869322986618913,
  "training_accuracy3": 0.9257324777396408,
  "training_loss": 0.5277864318692459,
  "training_cpu_memory_MB": 0.0,
  "validation_accuracy": 0.7467532467532467,
  "validation_accuracy3": 0.8506493506493507,
  "validation_loss": 1.2724360227584839,
  "best_validation_accuracy": 0.7532467532467533,
  "best_validation_accuracy3": 0.8376623376623377,
  "best_validation_loss": 1.2345250844955444
}