{
  "best_epoch": 8,
  "peak_cpu_memory_MB": 0,
  "training_duration": "00:21:47",
  "training_start_epoch": 0,
  "training_epochs": 13,
  "epoch": 13,
  "training_accuracy": 0.9416007561060539,
  "training_accuracy3": 0.9657762523006517,
  "training_loss": 0.2547226336626512,
  "training_cpu_memory_MB": 0.0,
  "validation_accuracy": 0.7727272727272727,
  "validation_accuracy3": 0.8701298701298701,
  "validation_loss": 1.2124263048171997,
  "best_validation_accuracy": 0.7922077922077922,
  "best_validation_accuracy3": 0.8766233766233766,
  "best_validation_loss": 1.0942336320877075
}