{
  "best_epoch": 2,
  "peak_cpu_memory_MB": 0,
  "training_duration": "00:04:39",
  "training_start_epoch": 0,
  "training_epochs": 2,
  "epoch": 2,
  "training_accuracy": 0.6662687161120231,
  "training_accuracy3": 0.7957021340098492,
  "training_loss": 1.4978604148019035,
  "training_cpu_memory_MB": 0.0,
  "validation_accuracy": 0.6818181818181818,
  "validation_accuracy3": 0.8311688311688312,
  "validation_loss": 1.3371318578720093,
  "best_validation_accuracy": 0.6818181818181818,
  "best_validation_accuracy3": 0.8311688311688312,
  "best_validation_loss": 1.3371318578720093
}