{
  "best_epoch": 4,
  "peak_cpu_memory_MB": 0,
  "training_duration": "00:07:44",
  "training_start_epoch": 0,
  "training_epochs": 4,
  "epoch": 4,
  "training_accuracy": 0.8112719494602796,
  "training_accuracy3": 0.8825548425608118,
  "training_loss": 0.901165672068326,
  "training_cpu_memory_MB": 0.0,
  "validation_accuracy": 0.6948051948051948,
  "validation_accuracy3": 0.8701298701298701,
  "validation_loss": 1.2553828954696655,
  "best_validation_accuracy": 0.6948051948051948,
  "best_validation_accuracy3": 0.8701298701298701,
  "best_validation_loss": 1.2553828954696655
}