{
  "best_epoch": 8,
  "peak_cpu_memory_MB": 0,
  "training_duration": "00:14:03",
  "training_start_epoch": 0,
  "training_epochs": 8,
  "epoch": 8,
  "training_accuracy": 0.9014077500870517,
  "training_accuracy3": 0.9345371337611302,
  "training_loss": 0.4595848652270605,
  "training_cpu_memory_MB": 0.0,
  "validation_accuracy": 0.7922077922077922,
  "validation_accuracy3": 0.8766233766233766,
  "validation_loss": 1.0942336320877075,
  "best_validation_accuracy": 0.7922077922077922,
  "best_validation_accuracy3": 0.8766233766233766,
  "best_validation_loss": 1.0942336320877075
}